PoS,Question number ,,Part Number ,Type
822/03,1,,1,MC
822/03,2,,1,MC
822/03,3,,1,MC
822/03,4,,1,MC
822/03,5,,1,SA
822/03,6,,2,SA
822/03,7,,2,SA
822/03,8,,2,SA
822/03,9,,2,SA
822/03,10,,2,MC
822/03,11,,3,MC
822/03,12,,3,MC
822/03,13,,3,MC
822/03,14,,3,MC
822/03,15,,3,MC
822/03,16,,4,MC
822/03,17,,4,MC
822/03,18,,4,MC
822/03,19,,4,MC
822/03,20,,4,MC
822/03,21,,5,MC
822/03,22,,5,MC
822/03,23,,5,MC
822/03,24,,5,MC
822/03,25,,5,MC
432/01,1,,1,MC
432/01,2,,1,MC
432/01,3,,1,MC
432/01,4,,1,MC
432/01,5,,1,MC
432/01,6,,1,MC
432/01,7,,1,MC
432/01,8,,1,MC
432/01,9,,2,SA
432/01,10,,2,SA
432/01,11,,2,SA
432/01,12,,2,SA
432/01,13,,2,SA
432/01,14,,2,SA
432/01,15,,2,SA
432/01,16,,2,SA
432/01,17,,3,SA
432/01,18,,3,SA
432/01,19,,3,SA
432/01,20,,3,SA
432/01,21,,3,SA
432/01,22,,3,SA
432/01,23,,3,SA
432/01,24,,3,SA
432/01,25,,4,SA
432/01,26,,4,SA
432/01,27,,4,SA
432/01,28,,4,SA
432/01,29,,4,SA
432/01,30,,4,SA
432/01,31,,5,MC
432/01,32,,5,MC
432/01,33,,5,MC
432/01,34,,5,MC
432/01,35,,5,MC
432/01,36,,5,MC
432/01,37,,6,MC
432/01,38,,6,MC
432/01,39,,6,MC
432/01,40,,6,MC
432/01,41,,6,MC
432/01,42,,6,MC
432/01,43,,7,MC
432/01,44,,7,MC
432/01,45,,7,MC
432/01,46,,7,MC
432/01,47,,7,MC
432/01,48,,7,MC
432/01,49,,7,MC
432/01,50,,7,MC
432/01,51,,7,MC
432/01,52,,7,MC
D441/01,1,,1,MC
D441/01,2,,1,MC
D441/01,3,,1,MC
D441/01,4,,1,MC
D441/01,5,,1,MC
D441/01,6,,1,MC
D441/01,7,,1,MC
D441/01,8,,1,MC
D441/01,9,,2,SA
D441/01,10,,2,SA
D441/01,11,,2,SA
D441/01,12,,2,SA
D441/01,13,,2,SA
D441/01,14,,2,SA
D441/01,15,,2,SA
D441/01,16,,2,SA
D441/01,17,,3,SA
D441/01,18,,3,SA
D441/01,19,,3,SA
D441/01,20,,3,SA
D441/01,21,,3,SA
D441/01,22,,3,SA
D441/01,23,,3,SA
D441/01,24,,3,SA
D441/01,25,,4,SA
D441/01,26,,4,SA
D441/01,27,,4,SA
D441/01,28,,4,SA
D441/01,29,,4,SA
D441/01,30,,4,SA
D441/01,31,,5,MC
D441/01,32,,5,MC
D441/01,33,,5,MC
D441/01,34,,5,MC
D441/01,35,,5,MC
D441/01,36,,5,MC
D441/01,37,,6,MC
D441/01,38,,6,MC
D441/01,39,,6,MC
D441/01,40,,6,MC
D441/01,41,,6,MC
D441/01,42,,6,MC
D441/01,43,,6,MC
D441/01,44,,7,MC
D441/01,45,,7,MC
D441/01,46,,7,MC
D441/01,47,,7,MC
D441/01,48,,7,MC
D441/01,49,,7,MC
D441/01,50,,7,MC
D441/01,51,,7,MC
D441/01,52,,7,MC
D441/01,53,,7,MC
D441/03,1,,1,MC
D441/03,2,,1,MC
D441/03,3,,1,MC
D441/03,4,,1,MC
D441/03,5,,1,MC
D441/03,6,,1,MC
D441/03,7,,2,SA
D441/03,8,,2,SA
D441/03,9,,2,SA
D441/03,10,,2,SA
D441/03,11,,2,SA
D441/03,12,,2,SA
D441/03,13,,2,SA
D441/03,14,,2,SA
D441/03,15,,2,SA
D441/03,16,,3,MC
D441/03,17,,3,MC
D441/03,18,,3,MC
D441/03,19,,3,MC
D441/03,20,,3,MC
D441/03,21,,4,MC
D441/03,22,,4,MC
D441/03,23,,4,MC
D441/03,24,,4,MC
D441/03,25,,4,MC
D441/03,26,,4,MC
D441/03,27,,4,MC
D441/03,28,,4,MC
D441/03,29,,4,MC
D441/03,30,,4,MC
