scan_id,batch_name,UID,scan_date,exam_date,version_number,centre_number,Language group,Prefix centre,candidate_number,question_number,Published,confidence,Captured,Question type,1_Published vs Captured,PoS,ANSWER Key
300003717300637,TELEVID5096_SCANNER13,SG3003480778530355920300003717300637,02/04/2025,27/03/2025,7785303559,SG300,Chinese,SG,3480,20,B,0.7165,C,,NoMatch,D822/03,B
300004135300691,TELEVID5582_SCANNER13,LK0010314410329427420300004135300691,27/05/2025,17/05/2025,4103294274,LK001,Indo-Iranian,LK,314,20,B,0.7991,C,,NoMatch,D822/03,B
300004189100576,TELEVID5691_SCANNER12,MA0180010729596956116300004189100576,30/05/2025,17/05/2025,7295969561,MA018,Afro-Asiatic,MA,10,16,B,0.505,C,,NoMatch,D822/03,B
300004192100884,TELEVID5688_SCANNER12,CN724106641032942743300004192100884,31/05/2025,24/05/2025,4103294274,CN724,Chinese,CN,1066,3,B,0.5681,C,,NoMatch,D822/03,B
300004266700392,TELEVID5801_SCANNER13,GR1184024410329427420300004266700392,04/06/2025,31/05/2025,4103294274,GR118,Greek,GR,4024,20,B,0.7325,C,,NoMatch,D822/03,B
300004280600447,TELEVID5812_SCANNER12,GR1184202410329427420300004280600447,05/06/2025,31/05/2025,4103294274,GR118,Greek,GR,4202,20,B,0.5269,C,,NoMatch,D822/03,B
300004393100569,TELEVID6001_SCANNER13,IT060112269619746393300004393100569,12/06/2025,24/05/2025,6961974639,IT060,Romance,IT,1122,3,A,0.7845,B,,NoMatch,D822/03,C
300004492600176,TELEVID8039_SCANNER13,TR0030411228890267111300004492600176,18/06/2025,14/06/2025,2288902671,TR003,Turkic,TR,411,11,B,0.6097,C,,NoMatch,D822/03,C
300004556500181,TELEVID8217_SCANNER13,IT0240010696197463911300004556500181,24/06/2025,20/06/2025,6961974639,IT024,Romance,IT,10,11,B,0.7508,C,,NoMatch,D822/03,B
400004541800066,TELEVID4879_SCANNER14,VN0700025696740284920400004541800066,28/02/2025,22/02/2025,6967402849,VN070,Austro-Asiatic,VN,25,20,B,0.5891,C,,NoMatch,D822/03,B
400004598600167,TELEVID5043_Scanner20,DE0040016998649575911400004598600167,01/04/2025,22/03/2025,9986495759,DE004,Germanic,DE,16,11,B,0.555,C,,NoMatch,D822/03,B
400004605500265,TELEVID5107_Scanner20,BU0010054421336104020400004605500265,02/04/2025,25/03/2025,4213361040,BU001,Burmese-Tibetan,BU,54,20,B,0.502,C,,NoMatch,D822/03,B
400004605500296,TELEVID5107_Scanner20,BU0010085421336104014400004605500296,02/04/2025,25/03/2025,4213361040,BU001,Burmese-Tibetan,BU,85,14,A,0.848,B,,NoMatch,D822/03,B
400004608700635,TELEVID5105_Scanner20,BU001400842133610403400004608700635,03/04/2025,25/03/2025,4213361040,BU001,Burmese-Tibetan,BU,4008,3,B,0.6394,C,,NoMatch,D822/03,A
400004853900025,TELEVID5356_SCANNER14,IT2781025696197463920400004853900025,14/05/2025,10/05/2025,6961974639,IT278,Romance,IT,1025,20,A,0.6366,B,,NoMatch,D822/03,C
400004869100181,TELEVID5383_SCANNER14,CN519000241032942743400004869100181,15/05/2025,10/05/2025,4103294274,CN519,Chinese,CN,2,3,B,0.83,C,,NoMatch,D822/03,B
400004869100190,TELEVID5383_SCANNER14,CN5190011410329427420400004869100190,15/05/2025,10/05/2025,4103294274,CN519,Chinese,CN,11,20,B,0.6308,C,,NoMatch,D822/03,B
400004923900068,TELEVID5431_SCANNER14,VN0700068696740284918400004923900068,19/05/2025,11/05/2025,6967402849,VN070,Austro-Asiatic,VN,68,18,A,0.6803,B,,NoMatch,D822/03,A
400004923900329,TELEVID5431_SCANNER14,VN0700329696740284916400004923900329,19/05/2025,11/05/2025,6967402849,VN070,Austro-Asiatic,VN,329,16,B,0.6065,C,,NoMatch,D822/03,C
400005044400691,TELEVID5583_SCANNER14,LK001003841032942743400005044400691,28/05/2025,17/05/2025,4103294274,LK001,Indo-Iranian,LK,38,3,B,0.7966,C,,NoMatch,D822/03,B
60000002249301151,TELEVID4884_SCANNER19,CN418110041032942741560000002249301151,04/03/2025,22/02/2025,4103294274,CN418,Chinese,CN,1100,15,B,0.5995,C,,NoMatch,D822/03,B
60000002249301184,TELEVID4884_SCANNER19,CN418156541032942742060000002249301184,04/03/2025,22/02/2025,4103294274,CN418,Chinese,CN,1565,20,B,0.605,C,,NoMatch,D822/03,B
60000002249400551,TELEVID4885_SCANNER19,CN418125741032942742060000002249400551,05/03/2025,22/02/2025,4103294274,CN418,Chinese,CN,1257,20,B,0.8329,C,,NoMatch,D822/03,B
60000002249400945,TELEVID4885_SCANNER19,CN41816144103294274360000002249400945,05/03/2025,22/02/2025,4103294274,CN418,Chinese,CN,1614,3,B,0.6027,C,,NoMatch,D822/03,B
60000002249400982,TELEVID4885_SCANNER19,CN418150441032942742060000002249400982,05/03/2025,22/02/2025,4103294274,CN418,Chinese,CN,1504,20,B,0.4988,C,,NoMatch,D822/03,B
60000002249401171,TELEVID4885_SCANNER19,CN418141141032942741260000002249401171,05/03/2025,22/02/2025,4103294274,CN418,Chinese,CN,1411,12,B,0.5276,C,,NoMatch,D822/03,A
60000002277300287,TELEVID4972_SCANNER19,CN410323041032942742060000002277300287,18/03/2025,08/03/2025,4103294274,CN410,Chinese,CN,3230,20,A,0.5989,B,,NoMatch,D822/03,B
60000002277300302,TELEVID4972_SCANNER19,CN41032454103294274460000002277300302,18/03/2025,08/03/2025,4103294274,CN410,Chinese,CN,3245,4,B,0.8461,C,,NoMatch,D822/03,C
60000002277300302,TELEVID4972_SCANNER19,CN410324541032942741260000002277300302,18/03/2025,08/03/2025,4103294274,CN410,Chinese,CN,3245,12,B,0.6994,C,,NoMatch,D822/03,A
60000002277300525,TELEVID4972_SCANNER19,CN410003741032942742060000002277300525,18/03/2025,08/03/2025,4103294274,CN410,Chinese,CN,37,20,B,0.5955,C,,NoMatch,D822/03,B
60000002281700520,TELEVID4971_SCANNER19,CN410106541032942741560000002281700520,18/03/2025,08/03/2025,4103294274,CN410,Chinese,CN,1065,15,B,0.5304,C,,NoMatch,D822/03,B
60000002281700521,TELEVID4971_SCANNER19,CN410106641032942742060000002281700521,18/03/2025,08/03/2025,4103294274,CN410,Chinese,CN,1066,20,B,0.5913,C,,NoMatch,D822/03,B
60000002281700926,TELEVID4971_SCANNER19,CN410102341032942741360000002281700926,18/03/2025,08/03/2025,4103294274,CN410,Chinese,CN,1023,13,A,0.7263,B,,NoMatch,D822/03,A
60000002281700943,TELEVID4971_SCANNER19,CN410104041032942741160000002281700943,18/03/2025,08/03/2025,4103294274,CN410,Chinese,CN,1040,11,B,0.8487,C,,NoMatch,D822/03,B
60000002367700104,TELEVID5300_SCANNER19,MA220001569619746391160000002367700104,01/05/2025,27/04/2025,6961974639,MA220,Afro-Asiatic,MA,15,11,B,0.6508,C,,NoMatch,D822/03,B
60000002420801329,TELEVID5317_1_SCANNER18,IT304000890841330611160000002420801329,10/05/2025,29/04/2025,9084133061,IT304,Romance,IT,8,11,B,0.5519,C,,NoMatch,D822/03,C
60000002720200494,TELEVID5578_SCANNER18,LK001027541032942741160000002720200494,28/05/2025,17/05/2025,4103294274,LK001,Indo-Iranian,LK,275,11,B,0.8063,C,,NoMatch,D822/03,B
60000002850500209,TELEVID5853_SCANNER18,IT036002469619746391160000002850500209,06/06/2025,29/05/2025,6961974639,IT036,Romance,IT,24,11,B,0.7714,C,,NoMatch,D822/03,B
60000002918500047,TELEVID5914_SCANNER18,MM02500314213361040760000002918500047,10/06/2025,19/05/2025,4213361040,MM025,Burmese-Tibetan,MM,31,7,6,0.5503,G,,NoMatch,D822/03,[18/[18/eighteen]/([0/O/o])6/[6/[06/six]]]([h/hour/hours/hr/hrs/hs])([&/-/./:/;])(([0/O/o])[[0/O/o]/[[0/O/o]/[O/nought/o/zero]]])(([-/ ])[in the afternoon/in the evening/p(.)m(.)])(.)/[18/[18/eighteen]/([0/O/o])6/[6/[06/six]]][h/hour/hours/hr/hrs/hs]([&/-/./:/;])(([0/O/o])[[0/O/o]/[[0/O/o]/[O/nought/o/zero]]])([m/min/mins/minute/minutes/ms])(([-/ ])[in the afternoon/in the evening/p(.)m(.)])(.)/[18/[18/eighteen]/([0/O/o])6/[6/[06/six]]]([h/hour/hours/hr/hrs/hs])([&/-/./:/;])(([0/O/o])[[0/O/o]/[[0/O/o]/[O/nought/o/zero]]])([-/ ])[h/hour/hours/hr/hrs/hs](.)(([-/ ])[in the afternoon/in the evening/p(.)m(.)])(.)/[18/[18/eighteen]/([0/O/o])6/[6/[06/six]]]([h/hour/hours/hr/hrs/hs])([&/-/./:/;](([0/O/o])[[0/O/o]/[[0/O/o]/[O/nought/o/zero]]]))(([-/ ])[in the afternoon/in the evening/p(.)m(.)])(.)/[18/[18/eighteen]/([0/O/o])6/[6/[06/six]]]([h/hour/hours/hr/hrs/hs])([&/-/./:/;])(([0/O/o])[[0/O/o]/[[0/O/o]/[O/nought/o/zero]]])([-/ ])[o'clock/o'clock in the afternoon/o'clock in the evening/o'clock in afternoon/o'clock in evening](.)/(([0/O/o])[[0/O/o]/[[0/O/o]/[O/nought/o/zero]]])([m/min/mins/minute/minutes/ms](.))([-/ ])[past/after]([-/ ])[18/[18/eighteen]/([0/O/o])6/[6/[06/six]]]([h/hour/hours/hr/hrs/hs])(.)(([-/ ])[in the afternoon/in the evening/p(.)m(.)])(.)
60000002970900174,TELEVID6042_SCANNER18,BG005000883789450002060000002970900174,13/06/2025,07/06/2025,8378945000,BG005,Slavic,BG,8,20,B,0.8372,C,,NoMatch,D822/03,C
60000002983000158,TELEVID6056_SCANNER18,IT955003169619746391660000002983000158,14/06/2025,30/05/2025,6961974639,IT955,Romance,IT,31,16,B,0.5498,C,,NoMatch,D822/03,B
60000003044400293,TELEVID8003_SCANNER18,IT20700326961974639360000003044400293,18/06/2025,05/06/2025,6961974639,IT207,Romance,IT,32,3,C,0.8377,B,,NoMatch,D822/03,C
60000003050000667,TELEVID6099_SCANNER18,GE002002341032942742060000003050000667,18/06/2025,01/06/2025,4103294274,GE002,Others,GE,23,20,B,0.8163,C,,NoMatch,D822/03,B
60000003053000012,TELEVID8044_SCANNER19,CH001700469975392721160000003053000012,18/06/2025,14/06/2025,6997539272,CH001,Germanic,CH,7004,11,B,0.5466,C,,NoMatch,D822/03,B
60000003105300470,televid8164_SCANNER19,GR005002441032942741660000003105300470,23/06/2025,14/06/2025,4103294274,GR005,Greek,GR,24,16,B,0.6351,C,,NoMatch,D822/03,B
300003709200308,TELEVID5075_SCANNER12,MA017105144433578083300003709200308,28/03/2025,22/03/2025,4443357808,MA017,Afro-Asiatic,MA,1051,3,B,0.5242,C,,NoMatch,D432/01,B
300003710000112,TELEVID5069_SCANNER12,DE299508744433578083300003710000112,28/03/2025,22/03/2025,4443357808,DE299,Germanic,DE,5087,3,B,0.5821,C,,NoMatch,D432/01,B
300003710000112,TELEVID5069_SCANNER12,DE299508744433578087300003710000112,28/03/2025,22/03/2025,4443357808,DE299,Germanic,DE,5087,7,B,0.5808,C,,NoMatch,D432/01,C
300003710000116,TELEVID5069_SCANNER12,DE299509144433578083300003710000116,28/03/2025,22/03/2025,4443357808,DE299,Germanic,DE,5091,3,B,0.5838,C,,NoMatch,D432/01,B
300003712300117,TELEVID5074_SCANNER12,MA017108844433578087300003712300117,28/03/2025,22/03/2025,4443357808,MA017,Afro-Asiatic,MA,1088,7,B,0.5456,D,,NoMatch,D432/01,C
300003712300150,TELEVID5074_SCANNER12,MA017115644433578083300003712300150,28/03/2025,22/03/2025,4443357808,MA017,Afro-Asiatic,MA,1156,3,B,0.6104,C,,NoMatch,D432/01,B
300003717100627,TELEVID5111_SCANNER13,CN334300744433578087300003717100627,02/04/2025,22/03/2025,4443357808,CN334,Chinese,CN,3007,7,B,0.5373,C,,NoMatch,D432/01,C
300003717100645,TELEVID5111_SCANNER13,CN334302544433578083300003717100645,02/04/2025,22/03/2025,4443357808,CN334,Chinese,CN,3025,3,B,0.8353,C,,NoMatch,D432/01,B
300003717300407,TELEVID5096_SCANNER13,CN994400244433578081300003717300407,02/04/2025,22/03/2025,4443357808,CN994,Chinese,CN,4002,1,B,0.591,C,,NoMatch,D432/01,C
300003717300412,TELEVID5096_SCANNER13,CN994400744433578087300003717300412,02/04/2025,22/03/2025,4443357808,CN994,Chinese,CN,4007,7,B,0.6248,C,,NoMatch,D432/01,C
300003718500012,TELEVID5086_SCANNER13,MA017146944433578087300003718500012,02/04/2025,22/03/2025,4443357808,MA017,Afro-Asiatic,MA,1469,7,B,0.6803,C,,NoMatch,D432/01,C
300003719300103,TELEVID5098_SCANNER13,CN9941005444335780834300003719300103,02/04/2025,22/03/2025,4443357808,CN994,Chinese,CN,1005,34,B,0.7531,C,,NoMatch,D432/01,D
300003719300105,TELEVID5098_SCANNER13,CN994100744433578083300003719300105,02/04/2025,22/03/2025,4443357808,CN994,Chinese,CN,1007,3,B,0.7352,C,,NoMatch,D432/01,B
300003719300106,TELEVID5098_SCANNER13,CN994100844433578083300003719300106,02/04/2025,22/03/2025,4443357808,CN994,Chinese,CN,1008,3,B,0.7062,C,,NoMatch,D432/01,B
300003719300128,TELEVID5098_SCANNER13,CN9941030444335780834300003719300128,02/04/2025,22/03/2025,4443357808,CN994,Chinese,CN,1030,34,B,0.5077,C,,NoMatch,D432/01,D
300003719300131,TELEVID5098_SCANNER13,CN994103344433578087300003719300131,02/04/2025,22/03/2025,4443357808,CN994,Chinese,CN,1033,7,B,0.7763,C,,NoMatch,D432/01,C
300004075200301,TELEVID5517_SCANNER13,GR806103962813127687300004075200301,23/05/2025,18/05/2025,6281312768,GR806,Greek,GR,1039,7,B,0.5709,C,,NoMatch,D432/01,B
300004127700450,TELEVID5576_SCANNER12,GR118713662813127687300004127700450,27/05/2025,18/05/2025,6281312768,GR118,Greek,GR,7136,7,B,0.8158,C,,NoMatch,D432/01,B
300004147600390,TELEVID5616_SCANNER12,GR0050016628131276832300004147600390,28/05/2025,18/05/2025,6281312768,GR005,Greek,GR,16,32,B,0.6316,C,,NoMatch,D432/01,D
300004147600469,TELEVID5616_SCANNER12,GR005009562813127684300004147600469,28/05/2025,18/05/2025,6281312768,GR005,Greek,GR,95,4,B,0.7125,C,,NoMatch,D432/01,B
300004147600663,TELEVID5616_SCANNER12,GR005069862813127687300004147600663,28/05/2025,18/05/2025,6281312768,GR005,Greek,GR,698,7,B,0.7082,C,,NoMatch,D432/01,B
300004214300729,TELEVID5562_1_SCANNER12,GR118650862813127683300004214300729,02/06/2025,18/05/2025,6281312768,GR118,Greek,GR,6508,3,C,0.6824,D,,NoMatch,D432/01,A
300004214300864,TELEVID5562_1_SCANNER12,GR118754362813127687300004214300864,02/06/2025,18/05/2025,6281312768,GR118,Greek,GR,7543,7,B,0.8357,C,,NoMatch,D432/01,B
300004214300905,TELEVID5562_1_SCANNER12,GR118822962813127687300004214300905,02/06/2025,18/05/2025,6281312768,GR118,Greek,GR,8229,7,B,0.7291,C,,NoMatch,D432/01,B
300004297900230,TELEVID5840_SCANNER12,TR003032563896179227300004297900230,05/06/2025,31/05/2025,6389617922,TR003,Turkic,TR,325,7,B,0.766,C,,NoMatch,D432/01,C
300004304000264,TELEVID5848_SCANNER12,TR0030258638961792234300004304000264,06/06/2025,31/05/2025,6389617922,TR003,Turkic,TR,258,34,B,0.6666,C,,NoMatch,D432/01,D
300004386200809,TELEVID5985_SCANNER12,TR003006163896179223300004386200809,12/06/2025,31/05/2025,6389617922,TR003,Turkic,TR,61,3,B,0.6615,C,,NoMatch,D432/01,B
300004393100117,TELEVID6001_SCANNER13,TR020105663896179227300004393100117,12/06/2025,31/05/2025,6389617922,TR020,Turkic,TR,1056,7,B,0.6875,C,,NoMatch,D432/01,C
300004503100028,TELEVID8008_SCANNER12,TR0030012638961792234300004503100028,19/06/2025,31/05/2025,6389617922,TR003,Turkic,TR,12,34,C,0.6597,D,,NoMatch,D432/01,D
300004504500762,TELEVID8006_SCANNER12,TR0030119638961792234300004504500762,19/06/2025,31/05/2025,6389617922,TR003,Turkic,TR,119,34,B,0.5741,C,,NoMatch,D432/01,D
300004504500823,TELEVID8006_SCANNER12,TR003023263896179227300004504500823,19/06/2025,31/05/2025,6389617922,TR003,Turkic,TR,232,7,B,0.4911,D,,NoMatch,D432/01,C
300004504500826,TELEVID8006_SCANNER12,TR003023563896179223300004504500826,19/06/2025,31/05/2025,6389617922,TR003,Turkic,TR,235,3,B,0.7916,C,,NoMatch,D432/01,B
300004556900455,TELEVID8211_SCANNER13,ES0984021727712576834300004556900455,24/06/2025,21/06/2025,7277125768,ES098,Romance,ES,4021,34,B,0.5252,C,,NoMatch,D432/01,D
300004560100572,TELEVID8225_SCANNER13,ES383025272771257687300004560100572,25/06/2025,21/06/2025,7277125768,ES383,Romance,ES,252,7,B,0.7757,C,,NoMatch,D432/01,C
300004561600021,TELEVID8242_SCANNER13,IT250001172771257684300004561600021,25/06/2025,21/06/2025,7277125768,IT250,Romance,IT,11,4,B,0.5109,C,,NoMatch,D432/01,B
300004561600025,TELEVID8242_SCANNER13,IT250001572771257684300004561600025,25/06/2025,21/06/2025,7277125768,IT250,Romance,IT,15,4,B,0.7436,C,,NoMatch,D432/01,B
300004561700520,TELEVID8240_SCANNER13,IT111000772771257683300004561700520,25/06/2025,21/06/2025,7277125768,IT111,Romance,IT,7,3,B,0.522,C,,NoMatch,D432/01,C
300004571000189,TELEVID8255_SCANNER12,IT017600572771257687300004571000189,25/06/2025,21/06/2025,7277125768,IT017,Romance,IT,6005,7,B,0.7212,C,,NoMatch,D432/01,C
300004571500169,TELEVID8258_SCANNER13,ES434009072771257684300004571500169,25/06/2025,21/06/2025,7277125768,ES434,Romance,ES,90,4,B,0.6519,C,,NoMatch,D432/01,B
300004573100310,TELEVID8251_SCANNER12,ES7500107727712576832300004573100310,25/06/2025,21/06/2025,7277125768,ES750,Romance,ES,107,32,B,0.6387,C,,NoMatch,D432/01,B
300004573100344,TELEVID8251_SCANNER12,ES750014572771257684300004573100344,25/06/2025,21/06/2025,7277125768,ES750,Romance,ES,145,4,B,0.5705,C,,NoMatch,D432/01,B
300004573300011,TELEVID8262_SCANNER12,IT240401172771257687300004573300011,25/06/2025,21/06/2025,7277125768,IT240,Romance,IT,4011,7,B,0.8058,C,,NoMatch,D432/01,C
300004575900488,TELEVID8274_SCANNER12,ES4380180727712576834300004575900488,25/06/2025,21/06/2025,7277125768,ES438,Romance,ES,180,34,B,0.4945,C,,NoMatch,D432/01,D
300004589700540,TELEVID8279_SCANNER12,CZ003104972771257683300004589700540,26/06/2025,21/06/2025,7277125768,CZ003,Slavic,CZ,1049,3,C,0.8154,B,,NoMatch,D432/01,C
300004589700540,TELEVID8279_SCANNER12,CZ0031049727712576834300004589700540,26/06/2025,21/06/2025,7277125768,CZ003,Slavic,CZ,1049,34,B,0.6979,C,,NoMatch,D432/01,D
300004591100110,TELEVID6134_SCANNER13,ES065611072771257687300004591100110,26/06/2025,21/06/2025,7277125768,ES065,Romance,ES,6110,7,C,0.6495,B,,NoMatch,D432/01,C
300004591100398,TELEVID6134_SCANNER13,TN001001472771257684300004591100398,26/06/2025,21/06/2025,7277125768,TN001,Afro-Asiatic,TN,14,4,B,0.7079,C,,NoMatch,D432/01,B
300004591100402,TELEVID6134_SCANNER13,TN001001872771257687300004591100402,26/06/2025,21/06/2025,7277125768,TN001,Afro-Asiatic,TN,18,7,B,0.7709,C,,NoMatch,D432/01,C
300004591300832,TELEVID8302_SCANNER12,ES040221772771257681300004591300832,26/06/2025,21/06/2025,7277125768,ES040,Romance,ES,2217,1,B,0.6418,C,,NoMatch,D432/01,D
300004591900070,TELEVID6133_SCANNER12,ES4240221727712576834300004591900070,26/06/2025,21/06/2025,7277125768,ES424,Romance,ES,221,34,B,0.7811,C,,NoMatch,D432/01,D
300004592800458,TELEVID8290_SCANNER13,PL277005572771257687300004592800458,26/06/2025,21/06/2025,7277125768,PL277,Slavic,PL,55,7,B,0.7809,C,,NoMatch,D432/01,C
300004592800459,TELEVID8290_SCANNER13,PL277005672771257684300004592800459,26/06/2025,21/06/2025,7277125768,PL277,Slavic,PL,56,4,B,0.5635,C,,NoMatch,D432/01,B
300004593200321,TELEVID8265_SCANNER13,IT460002272771257684300004593200321,26/06/2025,21/06/2025,7277125768,IT460,Romance,IT,22,4,B,0.6717,C,,NoMatch,D432/01,B
300004594700444,TELEVID6129_SCANNER12,PL002116072771257687300004594700444,26/06/2025,21/06/2025,7277125768,PL002,Slavic,PL,1160,7,B,0.8153,C,,NoMatch,D432/01,C
300004597400041,TELEVID8310_SCANNER13,LK001017072771257684300004597400041,27/06/2025,21/06/2025,7277125768,LK001,Indo-Iranian,LK,170,4,B,0.5822,C,,NoMatch,D432/01,B
300004599300552,TELEVID6127_SCANNER13,LK001014872771257687300004599300552,27/06/2025,21/06/2025,7277125768,LK001,Indo-Iranian,LK,148,7,B,0.636,C,,NoMatch,D432/01,C
300004605900248,TELEVID8312_SCANNER13,TN001011472771257687300004605900248,30/06/2025,21/06/2025,7277125768,TN001,Afro-Asiatic,TN,114,7,B,0.4968,C,,NoMatch,D432/01,C
300004606600526,TELEVID6162_SCANNER13,IT3260014727712576834300004606600526,30/06/2025,21/06/2025,7277125768,IT326,Romance,IT,14,34,B,0.5098,C,,NoMatch,D432/01,D
300004617600100,TELEVID6237_SCANNER12,ES4470043727712576834300004617600100,03/07/2025,21/06/2025,7277125768,ES447,Romance,ES,43,34,B,0.7812,C,,NoMatch,D432/01,D
300004617600150,TELEVID6237_SCANNER12,ES447009372771257687300004617600150,03/07/2025,21/06/2025,7277125768,ES447,Romance,ES,93,7,B,0.7952,C,,NoMatch,D432/01,C
300004618300147,TELEVID6245_SCANNER12,PL162000372771257687300004618300147,03/07/2025,21/06/2025,7277125768,PL162,Slavic,PL,3,7,B,0.5333,C,,NoMatch,D432/01,C
300004620600692,TELEVID6251_SCANNER12,IT160000472771257684300004620600692,03/07/2025,21/06/2025,7277125768,IT160,Romance,IT,4,4,B,0.5513,C,,NoMatch,D432/01,B
300004620800620,TELEVID6250_SCANNER12,ES637001285712278863300004620800620,03/07/2025,28/06/2025,8571227886,ES637,Romance,ES,12,3,B,0.7813,C,,NoMatch,D432/01,A
300004622501028,TELEVID6264_SCANNER12,ES391706185712278863300004622501028,03/07/2025,28/06/2025,8571227886,ES391,Romance,ES,7061,3,B,0.66,C,,NoMatch,D432/01,A
300004623000572,TELEVID6270_SCANNER13,IT282003285712278864300004623000572,04/07/2025,28/06/2025,8571227886,IT282,Romance,IT,32,4,A,0.5139,B,,NoMatch,D432/01,B
300004623200358,TELEVID6261_SCANNER13,ES750017485712278864300004623200358,04/07/2025,28/06/2025,8571227886,ES750,Romance,ES,174,4,A,0.6634,B,,NoMatch,D432/01,B
300004623200360,TELEVID6261_SCANNER13,ES750017685712278863300004623200360,04/07/2025,28/06/2025,8571227886,ES750,Romance,ES,176,3,B,0.5693,C,,NoMatch,D432/01,A
300004623200416,TELEVID6261_SCANNER13,ES7500252857122788634300004623200416,04/07/2025,28/06/2025,8571227886,ES750,Romance,ES,252,34,B,0.5189,C,,NoMatch,D432/01,B
300004623400539,TELEVID6265_SCANNER13,IT282005885712278864300004623400539,04/07/2025,28/06/2025,8571227886,IT282,Romance,IT,58,4,B,0.5587,C,,NoMatch,D432/01,B
300004627300440,TELEVID6304_SCANNER13,ES850541585712278863300004627300440,08/07/2025,28/06/2025,8571227886,ES850,Romance,ES,5415,3,B,0.6206,C,,NoMatch,D432/01,A
300004627800081,TELEVID6312_SCANNER13,ES815420785712278863300004627800081,08/07/2025,28/06/2025,8571227886,ES815,Romance,ES,4207,3,B,0.5068,C,,NoMatch,D432/01,A
300004627800198,TELEVID6312_SCANNER13,ES8150561857122788634300004627800198,08/07/2025,28/06/2025,8571227886,ES815,Romance,ES,561,34,B,0.5511,C,,NoMatch,D432/01,B
300004632300016,TELEVID8328_SCANNER12,ES378008185712278861300004632300016,10/07/2025,28/06/2025,8571227886,ES378,Romance,ES,81,1,B,0.7558,C,,NoMatch,D432/01,B
300004632300138,TELEVID8328_SCANNER12,ES447000585712278863300004632300138,10/07/2025,28/06/2025,8571227886,ES447,Romance,ES,5,3,B,0.8126,C,,NoMatch,D432/01,A
400004589600318,TELEVID5025_Scanner20,MA013011244433578087400004589600318,26/03/2025,22/03/2025,4443357808,MA013,Afro-Asiatic,MA,112,7,C,0.6292,D,,NoMatch,D432/01,C
400004589600323,TELEVID5025_Scanner20,MA013011744433578081400004589600323,26/03/2025,22/03/2025,4443357808,MA013,Afro-Asiatic,MA,117,1,B,0.4999,C,,NoMatch,D432/01,C
400004589800047,TELEVID5030_Scanner20,CH055032344433578081400004589800047,26/03/2025,22/03/2025,4443357808,CH055,Germanic,CH,323,1,B,0.5595,C,,NoMatch,D432/01,C
400004589800267,TELEVID5030_Scanner20,CH055001144433578083400004589800267,26/03/2025,22/03/2025,4443357808,CH055,Germanic,CH,11,3,B,0.5277,C,,NoMatch,D432/01,B
400004589800280,TELEVID5030_Scanner20,CH055002444433578083400004589800280,26/03/2025,22/03/2025,4443357808,CH055,Germanic,CH,24,3,B,0.5236,C,,NoMatch,D432/01,B
400004590000769,TELEVID5023_Scanner20,DE073103144433578083400004590000769,26/03/2025,22/03/2025,4443357808,DE073,Germanic,DE,1031,3,B,0.827,D,,NoMatch,D432/01,B
400004590000769,TELEVID5023_Scanner20,DE073103144433578087400004590000769,26/03/2025,22/03/2025,4443357808,DE073,Germanic,DE,1031,7,C,0.3945,D,,NoMatch,D432/01,C
400004592500227,TELEVID5024_Scanner20,CH001250844433578083400004592500227,26/03/2025,22/03/2025,4443357808,CH001,Germanic,CH,2508,3,B,0.7434,C,,NoMatch,D432/01,B
400004592700299,TELEVID5029_Scanner20,CH188001444433578081400004592700299,26/03/2025,22/03/2025,4443357808,CH188,Germanic,CH,14,1,B,0.5718,C,,NoMatch,D432/01,C
400004592700299,TELEVID5029_Scanner20,CH188001444433578083400004592700299,26/03/2025,22/03/2025,4443357808,CH188,Germanic,CH,14,3,B,0.5247,C,,NoMatch,D432/01,B
400004592700316,TELEVID5029_Scanner20,CH188003144433578087400004592700316,26/03/2025,22/03/2025,4443357808,CH188,Germanic,CH,31,7,B,0.6975,C,,NoMatch,D432/01,C
400004597400518,TELEVID5091_Scanner20,TN001000444433578087400004597400518,01/04/2025,22/03/2025,4443357808,TN001,Afro-Asiatic,TN,4,7,B,0.7704,C,,NoMatch,D432/01,C
400004597600738,TELEVID5049_Scanner20,CN418305944433578084400004597600738,01/04/2025,22/03/2025,4443357808,CN418,Chinese,CN,3059,4,B,0.6279,C,,NoMatch,D432/01,D
400004597600739,TELEVID5049_Scanner20,CN4183060444335780834400004597600739,01/04/2025,22/03/2025,4443357808,CN418,Chinese,CN,3060,34,B,0.7833,C,,NoMatch,D432/01,D
400004598600207,TELEVID5043_Scanner20,DE004300444433578083400004598600207,01/04/2025,22/03/2025,4443357808,DE004,Germanic,DE,3004,3,B,0.7454,C,,NoMatch,D432/01,B
400004598600617,TELEVID5043_Scanner20,DE004310544433578083400004598600617,01/04/2025,22/03/2025,4443357808,DE004,Germanic,DE,3105,3,B,0.6334,C,,NoMatch,D432/01,B
400004599000708,TELEVID5092_Scanner20,CN4104003444335780834400004599000708,01/04/2025,22/03/2025,4443357808,CN410,Chinese,CN,4003,34,B,0.7267,C,,NoMatch,D432/01,D
400004599000713,TELEVID5092_Scanner20,CN410400844433578081400004599000713,01/04/2025,22/03/2025,4443357808,CN410,Chinese,CN,4008,1,B,0.5244,C,,NoMatch,D432/01,C
400004601900411,TELEVID5090_Scanner20,TW002000944433578081400004601900411,01/04/2025,22/03/2025,4443357808,TW002,Chinese,TW,9,1,B,0.5201,C,,NoMatch,D432/01,C
400004601900420,TELEVID5090_Scanner20,TW002001844433578081400004601900420,01/04/2025,22/03/2025,4443357808,TW002,Chinese,TW,18,1,B,0.5859,C,,NoMatch,D432/01,C
400004601900461,TELEVID5090_Scanner20,TW002005944433578083400004601900461,01/04/2025,22/03/2025,4443357808,TW002,Chinese,TW,59,3,B,0.6816,C,,NoMatch,D432/01,B
400004601900523,TELEVID5090_Scanner20,TW002012144433578083400004601900523,01/04/2025,22/03/2025,4443357808,TW002,Chinese,TW,121,3,B,0.6769,C,,NoMatch,D432/01,B
400004602800270,TELEVID5052_Scanner20,CN4183185444335780848400004602800270,01/04/2025,22/03/2025,4443357808,CN418,Chinese,CN,3185,48,B,0.5227,C,,NoMatch,D432/01,B
400004602800282,TELEVID5052_Scanner20,CN418314944433578083400004602800282,01/04/2025,22/03/2025,4443357808,CN418,Chinese,CN,3149,3,B,0.5457,C,,NoMatch,D432/01,B
400004602800321,TELEVID5052_Scanner20,CN418314044433578083400004602800321,01/04/2025,22/03/2025,4443357808,CN418,Chinese,CN,3140,3,B,0.6987,C,,NoMatch,D432/01,B
400004602800355,TELEVID5052_Scanner20,CN4183078444335780834400004602800355,01/04/2025,22/03/2025,4443357808,CN418,Chinese,CN,3078,34,B,0.6894,C,,NoMatch,D432/01,D
400004602800533,TELEVID5052_Scanner20,CN418310844433578083400004602800533,01/04/2025,22/03/2025,4443357808,CN418,Chinese,CN,3108,3,B,0.5428,C,,NoMatch,D432/01,B
400004625900237,TELEVID5161_Scanner20,MA0040006905646528234400004625900237,10/04/2025,05/04/2025,9056465282,MA004,Afro-Asiatic,MA,6,34,B,0.6766,C,,NoMatch,D432/01,B
400005032101024,TELEVID5559_SCANNER14,GR118706162813127687400005032101024,27/05/2025,18/05/2025,6281312768,GR118,Greek,GR,7061,7,B,0.6816,C,,NoMatch,D432/01,B
400005033800066,TELEVID5549_SCANNER14,GR118663262813127687400005033800066,27/05/2025,18/05/2025,6281312768,GR118,Greek,GR,6632,7,B,0.5922,C,,NoMatch,D432/01,B
400005180700441,TELEVID5846_SCANNER14,TR003028963896179227400005180700441,05/06/2025,31/05/2025,6389617922,TR003,Turkic,TR,289,7,B,0.6255,C,,NoMatch,D432/01,C
400005346800574,TELEVID6029_SCANNER14,GE001004925893117294400005346800574,13/06/2025,07/06/2025,2589311729,GE001,Others,GE,49,4,B,0.6942,C,,NoMatch,D432/01,B
400005346800597,TELEVID6029_SCANNER14,GE001007225893117294400005346800597,13/06/2025,07/06/2025,2589311729,GE001,Others,GE,72,4,B,0.6256,C,,NoMatch,D432/01,B
400005346800633,TELEVID6029_SCANNER14,GE001010825893117294400005346800633,13/06/2025,07/06/2025,2589311729,GE001,Others,GE,108,4,B,0.6264,C,,NoMatch,D432/01,B
400005349900741,TELEVID6039_SCANNER14,NP013006085672766757400005349900741,13/06/2025,04/06/2025,8567276675,NP013,Indo-Iranian,NP,60,7,B,0.8264,C,,NoMatch,D432/01,B
400005349900775,TELEVID6039_SCANNER14,NP013007185672766757400005349900775,13/06/2025,04/06/2025,8567276675,NP013,Indo-Iranian,NP,71,7,B,0.5918,C,,NoMatch,D432/01,B
400005349900782,TELEVID6039_SCANNER14,NP013007885672766757400005349900782,13/06/2025,04/06/2025,8567276675,NP013,Indo-Iranian,NP,78,7,B,0.578,C,,NoMatch,D432/01,B
400005637700620,TELEVID6359_1_Scanner20,IT6920011857122788634400005637700620,14/07/2025,28/06/2025,8571227886,IT692,Romance,IT,11,34,B,0.5711,C,,NoMatch,D432/01,B
60000002708600033,TELEVID5561_SCANNER18,GR11878886281312768760000002708600033,27/05/2025,18/05/2025,6281312768,GR118,Greek,GR,7888,7,B,0.5704,C,,NoMatch,D432/01,B
60000002734500520,TELEVID5615_SCANNER18,GR00504056281312768760000002734500520,29/05/2025,18/05/2025,6281312768,GR005,Greek,GR,405,7,B,0.6022,C,,NoMatch,D432/01,B
60000002734500535,TELEVID5615_SCANNER18,GR00504206281312768760000002734500535,29/05/2025,18/05/2025,6281312768,GR005,Greek,GR,420,7,B,0.7837,C,,NoMatch,D432/01,B
60000002734500903,TELEVID5615_SCANNER18,GR00505066281312768760000002734500903,29/05/2025,18/05/2025,6281312768,GR005,Greek,GR,506,7,B,0.7823,C,,NoMatch,D432/01,B
60000002937700568,TELEVID5949_SCANNER18,TR031000363896179224660000002937700568,11/06/2025,31/05/2025,6389617922,TR031,Turkic,TR,3,46,C,0.5791,B,,NoMatch,D432/01,C
60000002937700570,TELEVID5949_SCANNER18,TR03100056389617922760000002937700570,11/06/2025,31/05/2025,6389617922,TR031,Turkic,TR,5,7,B,0.5805,C,,NoMatch,D432/01,C
60000002972000334,TELEVID6040_SCANNER18,NP01300318567276675760000002972000334,13/06/2025,04/06/2025,8567276675,NP013,Indo-Iranian,NP,31,7,B,0.5238,C,,NoMatch,D432/01,B
60000003045100250,TELEVID8009_SCANNER18,TR003014463896179223460000003045100250,18/06/2025,31/05/2025,6389617922,TR003,Turkic,TR,144,34,C,0.6939,D,,NoMatch,D432/01,D
60000003045100255,TELEVID8009_SCANNER18,TR00301496389617922760000003045100255,18/06/2025,31/05/2025,6389617922,TR003,Turkic,TR,149,7,B,0.5284,C,,NoMatch,D432/01,C
60000003054800394,TELEVID8040_SCANNER19,TR00300556389617922360000003054800394,18/06/2025,31/05/2025,6389617922,TR003,Turkic,TR,55,3,B,0.7518,C,,NoMatch,D432/01,B
60000003141400454,televid8229_SCANNER19,ES38300187277125768760000003141400454,25/06/2025,21/06/2025,7277125768,ES383,Romance,ES,18,7,B,0.8347,C,,NoMatch,D432/01,C
60000003157200212,televid8286_SCANNER19,ES39170357277125768760000003157200212,26/06/2025,21/06/2025,7277125768,ES391,Romance,ES,7035,7,B,0.5698,C,,NoMatch,D432/01,C
60000003160100200,televid8285_SCANNER19,ES44201417277125768460000003160100200,26/06/2025,21/06/2025,7277125768,ES442,Romance,ES,141,4,B,0.5437,C,,NoMatch,D432/01,B
60000003164300121,televid8296_SCANNER19,IT28200147277125768760000003164300121,26/06/2025,21/06/2025,7277125768,IT282,Romance,IT,14,7,B,0.7875,C,,NoMatch,D432/01,C
60000003165600657,televid8270_SCANNER19,ES29100937277125768760000003165600657,26/06/2025,21/06/2025,7277125768,ES291,Romance,ES,93,7,B,0.709,C,,NoMatch,D432/01,C
60000003180100234,televid6156_SCANNER19,IT08800067277125768460000003180100234,30/06/2025,21/06/2025,7277125768,IT088,Romance,IT,6,4,B,0.5265,C,,NoMatch,D432/01,B
60000003180100239,televid6156_SCANNER19,IT08800097277125768460000003180100239,30/06/2025,21/06/2025,7277125768,IT088,Romance,IT,9,4,B,0.6706,C,,NoMatch,D432/01,B
60000003180100243,televid6156_SCANNER19,IT088001372771257683460000003180100243,30/06/2025,21/06/2025,7277125768,IT088,Romance,IT,13,34,A,0.6039,B,,NoMatch,D432/01,D
60000003190900106,televid6194_SCANNER19,GE00100197277125768760000003190900106,01/07/2025,21/06/2025,7277125768,GE001,Others,GE,19,7,C,0.5035,D,,NoMatch,D432/01,C
60000003190900593,televid6194_SCANNER19,ES07100447277125768760000003190900593,01/07/2025,21/06/2025,7277125768,ES071,Romance,ES,44,7,B,0.6697,C,,NoMatch,D432/01,C
60000003191500488,televid6186_SCANNER19,ES40700147277125768760000003191500488,01/07/2025,21/06/2025,7277125768,ES407,Romance,ES,14,7,B,0.6074,C,,NoMatch,D432/01,C
60000003193600109,TELEVID6201_SCANNER19,ES26902177277125768460000003193600109,01/07/2025,21/06/2025,7277125768,ES269,Romance,ES,217,4,B,0.6321,C,,NoMatch,D432/01,B
60000003193900479,TELEVID6197_SCANNER19,ES269032172771257683460000003193900479,01/07/2025,21/06/2025,7277125768,ES269,Romance,ES,321,34,D,0.7297,C,,NoMatch,D432/01,D
60000003194100523,TELEVID6202_SCANNER19,ES43992147277125768760000003194100523,01/07/2025,21/06/2025,7277125768,ES439,Romance,ES,9214,7,B,0.5966,C,,NoMatch,D432/01,C
60000003197500585,TELEVID6220_SCANNER19,ES02000188571227886360000003197500585,02/07/2025,28/06/2025,8571227886,ES020,Romance,ES,18,3,B,0.6751,C,,NoMatch,D432/01,A
60000003199100302,TELEVID6214_SCANNER19,PE03006267277125768760000003199100302,02/07/2025,21/06/2025,7277125768,PE030,Romance,PE,626,7,B,0.5485,C,,NoMatch,D432/01,C
60000003199400284,TELEVID6222_SCANNER19,IT27810198571227886160000003199400284,02/07/2025,28/06/2025,8571227886,IT278,Romance,IT,1019,1,B,0.5708,C,,NoMatch,D432/01,B
60000003200000268,TELEVID6229_SCANNER19,ES43000058571227886360000003200000268,02/07/2025,28/06/2025,8571227886,ES430,Romance,ES,5,3,B,0.5147,C,,NoMatch,D432/01,A
60000003204600101,TELEVID6225_SCANNER19,IT70600178571227886160000003204600101,02/07/2025,28/06/2025,8571227886,IT706,Romance,IT,17,1,B,0.5673,C,,NoMatch,D432/01,B
60000003211200245,televid6249_SCANNER19,IT31300108571227886160000003211200245,04/07/2025,28/06/2025,8571227886,IT313,Romance,IT,10,1,B,0.5213,C,,NoMatch,D432/01,B
60000003216800587,TELEVID6271_SCANNER18,IT42101138571227886360000003216800587,04/07/2025,28/06/2025,8571227886,IT421,Romance,IT,113,3,B,0.6018,C,,NoMatch,D432/01,A
60000003221200028,TELEVID6289_SCANNER19,ES39303438571227886160000003221200028,07/07/2025,28/06/2025,8571227886,ES393,Romance,ES,343,1,B,0.5265,C,,NoMatch,D432/01,B
60000003223800558,TELEVID6298_SCANNER19,ES04001338571227886760000003223800558,07/07/2025,28/06/2025,8571227886,ES040,Romance,ES,133,7,B,0.7063,C,,NoMatch,D432/01,D
60000003223800673,TELEVID6298_SCANNER19,ES040024885712278864660000003223800673,07/07/2025,28/06/2025,8571227886,ES040,Romance,ES,248,46,C,0.7106,B,,NoMatch,D432/01,C
300004029500094,TELEVID5466_SCANNER12,CH0085002731192399736300004029500094,21/05/2025,10/05/2025,7311923997,CH008,Germanic,CH,5002,36,C,0.8064,D,,NoMatch,D441/01,C
300004029500378,TELEVID5466_SCANNER12,CH0595305731192399731300004029500378,21/05/2025,10/05/2025,7311923997,CH059,Germanic,CH,5305,31,B,0.6847,C,,NoMatch,D441/01,B
300004048600334,TELEVID5480_SCANNER12,GR1188112236079224331300004048600334,22/05/2025,17/05/2025,2360792243,GR118,Greek,GR,8112,31,B,0.7019,C,,NoMatch,D441/01,C
300004048600352,TELEVID5480_SCANNER12,GR1188130236079224331300004048600352,22/05/2025,17/05/2025,2360792243,GR118,Greek,GR,8130,31,B,0.5869,C,,NoMatch,D441/01,C
300004048600841,TELEVID5480_SCANNER12,GR1188727236079224336300004048600841,22/05/2025,17/05/2025,2360792243,GR118,Greek,GR,8727,36,C,0.6579,B,,NoMatch,D441/01,D
300004064000208,TELEVID5514_SCANNER12,GR1188536236079224331300004064000208,23/05/2025,17/05/2025,2360792243,GR118,Greek,GR,8536,31,B,0.759,C,,NoMatch,D441/01,C
300004064000436,TELEVID5514_SCANNER12,GR1188663236079224332300004064000436,23/05/2025,17/05/2025,2360792243,GR118,Greek,GR,8663,32,B,0.5625,C,,NoMatch,D441/01,D
300004067700518,TELEVID5511_SCANNER13,GR1188814236079224348300004067700518,23/05/2025,17/05/2025,2360792243,GR118,Greek,GR,8814,48,C,0.6068,D,,NoMatch,D441/01,D
300004075000074,TELEVID5516_SCANNER13,GR1188628236079224334300004075000074,23/05/2025,17/05/2025,2360792243,GR118,Greek,GR,8628,34,B,0.5819,C,,NoMatch,D441/01,B
300004075000525,TELEVID5516_SCANNER13,GR1188006236079224334300004075000525,23/05/2025,17/05/2025,2360792243,GR118,Greek,GR,8006,34,B,0.6741,C,,NoMatch,D441/01,B
300004075000795,TELEVID5516_SCANNER13,GR1188783236079224332300004075000795,23/05/2025,17/05/2025,2360792243,GR118,Greek,GR,8783,32,C,0.6169,D,,NoMatch,D441/01,D
300004128300324,TELEVID5554_SCANNER12,GR0268081236079224334300004128300324,27/05/2025,17/05/2025,2360792243,GR026,Greek,GR,8081,34,B,0.7208,C,,NoMatch,D441/01,B
300004128900135,TELEVID5551_SCANNER13,GR0058008236079224332300004128900135,27/05/2025,17/05/2025,2360792243,GR005,Greek,GR,8008,32,B,0.6816,C,,NoMatch,D441/01,D
300004128900171,TELEVID5551_SCANNER13,GR0058044236079224331300004128900171,27/05/2025,17/05/2025,2360792243,GR005,Greek,GR,8044,31,B,0.6769,C,,NoMatch,D441/01,C
300004128900831,TELEVID5551_SCANNER13,GR0058103236079224317300004128900831,27/05/2025,17/05/2025,2360792243,GR005,Greek,GR,8103,17,I,0.8243,1,,NoMatch,D441/01,consequences
300004136200536,TELEVID5555_SCANNER13,GR0358188236079224332300004136200536,27/05/2025,17/05/2025,2360792243,GR035,Greek,GR,8188,32,D,0.4206,C,,NoMatch,D441/01,D
300004136200828,TELEVID5555_SCANNER13,GR0358063236079224334300004136200828,27/05/2025,17/05/2025,2360792243,GR035,Greek,GR,8063,34,C,0.5741,D,,NoMatch,D441/01,B
300004214301071,TELEVID5562_1_SCANNER12,GR0058404236079224334300004214301071,02/06/2025,17/05/2025,2360792243,GR005,Greek,GR,8404,34,B,0.6798,C,,NoMatch,D441/01,B
300004383300356,TELEVID5983_SCANNER12,IT9920001917008863632300004383300356,12/06/2025,07/06/2025,9170088636,IT992,Romance,IT,1,32,B,0.5808,C,,NoMatch,D441/01,B
300004384300752,TELEVID5950_SCANNER12,BG0010041917008863636300004384300752,12/06/2025,07/06/2025,9170088636,BG001,Slavic,BG,41,36,D,0.591,C,,NoMatch,D441/01,D
300004388500158,TELEVID5979_SCANNER12,IT0070009917008863635300004388500158,12/06/2025,07/06/2025,9170088636,IT007,Romance,IT,9,35,C,0.5166,D,,NoMatch,D441/01,A
300004388700130,TELEVID5974_SCANNER12,ES3760006917008863632300004388700130,12/06/2025,07/06/2025,9170088636,ES376,Romance,ES,6,32,B,0.6111,C,,NoMatch,D441/01,B
300004388700196,TELEVID5974_SCANNER12,PL0078004917008863632300004388700196,12/06/2025,07/06/2025,9170088636,PL007,Slavic,PL,8004,32,B,0.6556,C,,NoMatch,D441/01,B
300004392200055,televid6010_SCANNER13,GR1188422917008863636300004392200055,12/06/2025,07/06/2025,9170088636,GR118,Greek,GR,8422,36,B,0.6152,C,,NoMatch,D441/01,D
300004392200110,televid6010_SCANNER13,GR1188245917008863632300004392200110,12/06/2025,07/06/2025,9170088636,GR118,Greek,GR,8245,32,C,0.6825,D,,NoMatch,D441/01,B
300004392200234,televid6010_SCANNER13,GR1188006917008863632300004392200234,12/06/2025,07/06/2025,9170088636,GR118,Greek,GR,8006,32,B,0.6786,C,,NoMatch,D441/01,B
300004392300318,TELEVID6002_SCANNER12,DE2998932917008863632300004392300318,12/06/2025,07/06/2025,9170088636,DE299,Germanic,DE,8932,32,B,0.5987,C,,NoMatch,D441/01,B
300004394300344,TELEVID5991_SCANNER13,GR1188373917008863636300004394300344,12/06/2025,07/06/2025,9170088636,GR118,Greek,GR,8373,36,B,0.5277,C,,NoMatch,D441/01,D
300004396500726,TELEVID6011_SCANNER12,GR1188044917008863632300004396500726,12/06/2025,07/06/2025,9170088636,GR118,Greek,GR,8044,32,B,0.6827,C,,NoMatch,D441/01,B
300004467700492,TELEVID6090_SCANNER12,ES4397009917008863632300004467700492,17/06/2025,07/06/2025,9170088636,ES439,Romance,ES,7009,32,B,0.7689,C,,NoMatch,D441/01,B
300004468600239,TELEVID6119_SCANNER12,PL0360017917008863636300004468600239,17/06/2025,07/06/2025,9170088636,PL036,Slavic,PL,17,36,B,0.6607,C,,NoMatch,D441/01,D
300004492400465,TELEVID8019_SCANNER13,ES1033585582171119231300004492400465,18/06/2025,13/06/2025,5821711192,ES103,Romance,ES,3585,31,B,0.5793,C,,NoMatch,D441/01,B
300004492400470,TELEVID8019_SCANNER13,ES1033590582171119234300004492400470,18/06/2025,13/06/2025,5821711192,ES103,Romance,ES,3590,34,B,0.5698,C,,NoMatch,D441/01,A
300004502400630,TELEVID8047_SCANNER12,ES3838077582171119231300004502400630,19/06/2025,13/06/2025,5821711192,ES383,Romance,ES,8077,31,B,0.7197,C,,NoMatch,D441/01,B
300004507400497,TELEVID8030_SCANNER13,ES3919017582171119235300004507400497,19/06/2025,13/06/2025,5821711192,ES391,Romance,ES,9017,35,C,0.7941,D,,NoMatch,D441/01,C
300004507800750,TELEVID8002_SCANNER13,DE7035012582171119231300004507800750,19/06/2025,13/06/2025,5821711192,DE703,Germanic,DE,5012,31,B,0.685,C,,NoMatch,D441/01,B
300004513000207,TELEVID8087_SCANNER13,IT4210002582171119231300004513000207,19/06/2025,13/06/2025,5821711192,IT421,Romance,IT,2,31,B,0.6544,C,,NoMatch,D441/01,B
300004513200310,TELEVID8093_SCANNER13,ES0038012582171119231300004513200310,19/06/2025,13/06/2025,5821711192,ES003,Romance,ES,8012,31,B,0.5991,C,,NoMatch,D441/01,B
300004518800121,TELEVID8116_SCANNER13,PL0340014582171119234300004518800121,20/06/2025,13/06/2025,5821711192,PL034,Slavic,PL,14,34,A,0.7382,B,,NoMatch,D441/01,A
300004557500350,TELEVID8212_SCANNER12,ES0130039582171119236300004557500350,24/06/2025,13/06/2025,5821711192,ES013,Romance,ES,39,36,C,0.6615,D,,NoMatch,D441/01,C
300004557500355,TELEVID8212_SCANNER12,ES0130044582171119232300004557500355,24/06/2025,13/06/2025,5821711192,ES013,Romance,ES,44,32,B,0.522,C,,NoMatch,D441/01,A
300004557500359,TELEVID8212_SCANNER12,ES0130048582171119231300004557500359,24/06/2025,13/06/2025,5821711192,ES013,Romance,ES,48,31,B,0.6644,C,,NoMatch,D441/01,B
300004561500237,TELEVID8218_SCANNER13,BR0080013582171119236300004561500237,25/06/2025,13/06/2025,5821711192,BR008,Romance,BR,13,36,C,0.6218,B,,NoMatch,D441/01,C
300004622700168,TELEVID6262_SCANNER12,GR0058141917008863636300004622700168,03/07/2025,07/06/2025,9170088636,GR005,Greek,GR,8141,36,D,0.804,C,,NoMatch,D441/01,D
400004454500738,TELEVID4610_Scanner20,GE0010001930244893034400004454500738,11/12/2024,05/12/2024,9302448930,GE001,Others,GE,1,34,B,0.679,C,,NoMatch,D441/01,B
400004556800619,TELEVID4896_Scanner20,DE2998880553571344334400004556800619,07/03/2025,01/03/2025,5535713443,DE299,Germanic,DE,8880,34,B,0.619,C,,NoMatch,D441/01,B
400004556800622,TELEVID4896_Scanner20,DE2998883553571344336400004556800622,07/03/2025,01/03/2025,5535713443,DE299,Germanic,DE,8883,36,B,0.5227,C,,NoMatch,D441/01,C
400004556800625,TELEVID4896_Scanner20,DE2998886553571344334400004556800625,07/03/2025,01/03/2025,5535713443,DE299,Germanic,DE,8886,34,B,0.7863,C,,NoMatch,D441/01,B
400004887200080,TELEVID5409_SCANNER14,GR0058014731192399733400004887200080,16/05/2025,10/05/2025,7311923997,GR005,Greek,GR,8014,33,B,0.5024,C,,NoMatch,D441/01,B
400004950300897,TELEVID5478_SCANNER14,CH2118003731192399731400004950300897,21/05/2025,10/05/2025,7311923997,CH211,Germanic,CH,8003,31,B,0.5227,C,,NoMatch,D441/01,B
400004950300910,TELEVID5478_SCANNER14,CH2118016731192399731400004950300910,21/05/2025,10/05/2025,7311923997,CH211,Germanic,CH,8016,31,B,0.8068,C,,NoMatch,D441/01,B
400004953200534,TELEVID5481_SCANNER14,GR1188242236079224334400004953200534,21/05/2025,17/05/2025,2360792243,GR118,Greek,GR,8242,34,C,0.7912,D,,NoMatch,D441/01,B
400004953200783,TELEVID5481_SCANNER14,GR1188151236079224336400004953200783,21/05/2025,17/05/2025,2360792243,GR118,Greek,GR,8151,36,B,0.5109,C,,NoMatch,D441/01,D
400004953200851,TELEVID5481_SCANNER14,GR1188647236079224331400004953200851,21/05/2025,17/05/2025,2360792243,GR118,Greek,GR,8647,31,B,0.5647,C,,NoMatch,D441/01,C
400004964400751,TELEVID5501_SCANNER14,GR1188306236079224331400004964400751,22/05/2025,17/05/2025,2360792243,GR118,Greek,GR,8306,31,B,0.7082,C,,NoMatch,D441/01,C
400004964400751,TELEVID5501_SCANNER14,GR1188306236079224334400004964400751,22/05/2025,17/05/2025,2360792243,GR118,Greek,GR,8306,34,B,0.7869,C,,NoMatch,D441/01,B
400004966500983,TELEVID5510_SCANNER14,GR1188015236079224331400004966500983,22/05/2025,17/05/2025,2360792243,GR118,Greek,GR,8015,31,B,0.7308,C,,NoMatch,D441/01,C
400004966500986,TELEVID5510_SCANNER14,GR1188018236079224336400004966500986,22/05/2025,17/05/2025,2360792243,GR118,Greek,GR,8018,36,C,0.6359,D,,NoMatch,D441/01,D
400005034800005,TELEVID5548_SCANNER14,GR0058188236079224331400005034800005,27/05/2025,17/05/2025,2360792243,GR005,Greek,GR,8188,31,C,0.4854,D,,NoMatch,D441/01,C
400005034800741,TELEVID5548_SCANNER14,GR0058537236079224331400005034800741,27/05/2025,17/05/2025,2360792243,GR005,Greek,GR,8537,31,C,0.8199,D,,NoMatch,D441/01,C
400005034800765,TELEVID5548_SCANNER14,GR0058423236079224331400005034800765,27/05/2025,17/05/2025,2360792243,GR005,Greek,GR,8423,31,B,0.5221,C,,NoMatch,D441/01,C
400005034800774,TELEVID5548_SCANNER14,GR0058432236079224336400005034800774,27/05/2025,17/05/2025,2360792243,GR005,Greek,GR,8432,36,B,0.6703,C,,NoMatch,D441/01,D
400005035000140,TELEVID5571_SCANNER14,GR8010009236079224331400005035000140,27/05/2025,17/05/2025,2360792243,GR801,Greek,GR,9,31,B,0.6465,C,,NoMatch,D441/01,C
400005035000279,TELEVID5571_SCANNER14,GR0268011236079224334400005035000279,27/05/2025,17/05/2025,2360792243,GR026,Greek,GR,8011,34,C,0.6482,D,,NoMatch,D441/01,B
400005337900047,TELEVID6034_SCANNER14,BG0050005917008863632400005337900047,13/06/2025,07/06/2025,9170088636,BG005,Slavic,BG,5,32,B,0.5187,C,,NoMatch,D441/01,B
400005417000116,TELEVID6071_SCANNER14,PL1620005917008863634400005417000116,16/06/2025,07/06/2025,9170088636,PL162,Slavic,PL,5,34,B,0.4999,C,,NoMatch,D441/01,D
400005417100195,TELEVID6062_SCANNER14,IT0320001917008863631400005417100195,16/06/2025,07/06/2025,9170088636,IT032,Romance,IT,1,31,B,0.5138,C,,NoMatch,D441/01,D
400005421800320,TELEVID6064_SCANNER14,IT0880002917008863632400005421800320,16/06/2025,07/06/2025,9170088636,IT088,Romance,IT,2,32,B,0.7102,C,,NoMatch,D441/01,B
60000002199000680,TELEVID4606_SCANNER19,PE044001493024489303660000002199000680,10/12/2024,05/12/2024,9302448930,PE044,Romance,PE,14,36,B,0.615,C,,NoMatch,D441/01,B
60000002250300119,TELEVID4890_SCANNER19,DE299889355357134433460000002250300119,06/03/2025,01/03/2025,5535713443,DE299,Germanic,DE,8893,34,B,0.7487,C,,NoMatch,D441/01,B
60000002250300119,TELEVID4890_SCANNER19,DE299889355357134433660000002250300119,06/03/2025,01/03/2025,5535713443,DE299,Germanic,DE,8893,36,C,0.648,B,,NoMatch,D441/01,C
60000002250300120,TELEVID4890_SCANNER19,DE299889455357134433160000002250300120,06/03/2025,01/03/2025,5535713443,DE299,Germanic,DE,8894,31,B,0.6007,C,,NoMatch,D441/01,B
60000002252200245,TELEVID4903_SCANNER19,CH188001155357134433460000002252200245,10/03/2025,01/03/2025,5535713443,CH188,Germanic,CH,11,34,C,0.8147,D,,NoMatch,D441/01,B
60000002253100316,TELEVID4905_SCANNER19,GR118000855357134433660000002253100316,10/03/2025,01/03/2025,5535713443,GR118,Greek,GR,8,36,B,0.7863,C,,NoMatch,D441/01,C
60000002254800134,TELEVID4911_SCANNER19,CH010800555357134433460000002254800134,10/03/2025,01/03/2025,5535713443,CH010,Germanic,CH,8005,34,B,0.543,C,,NoMatch,D441/01,B
60000002254800136,TELEVID4911_SCANNER19,CH010800755357134433460000002254800136,10/03/2025,01/03/2025,5535713443,CH010,Germanic,CH,8007,34,B,0.5389,C,,NoMatch,D441/01,B
60000002254800137,TELEVID4911_SCANNER19,CH010800855357134433160000002254800137,10/03/2025,01/03/2025,5535713443,CH010,Germanic,CH,8008,31,B,0.7,C,,NoMatch,D441/01,B
60000002254800146,TELEVID4911_SCANNER19,CH010801755357134433160000002254800146,10/03/2025,01/03/2025,5535713443,CH010,Germanic,CH,8017,31,B,0.5857,C,,NoMatch,D441/01,B
60000002254800155,TELEVID4911_SCANNER19,CH010810355357134433460000002254800155,10/03/2025,01/03/2025,5535713443,CH010,Germanic,CH,8103,34,B,0.5386,C,,NoMatch,D441/01,B
60000002255800252,TELEVID4912_SCANNER19,CZ014100555357134433160000002255800252,10/03/2025,01/03/2025,5535713443,CZ014,Slavic,CZ,1005,31,B,0.7311,C,,NoMatch,D441/01,B
60000002255800255,TELEVID4912_SCANNER19,CZ014100855357134433160000002255800255,10/03/2025,01/03/2025,5535713443,CZ014,Slavic,CZ,1008,31,B,0.7062,C,,NoMatch,D441/01,B
60000002256100671,TELEVID4913_SCANNER19,CH008500455357134435160000002256100671,10/03/2025,01/03/2025,5535713443,CH008,Germanic,CH,5004,51,B,0.834,C,,NoMatch,D441/01,B
60000002256100677,TELEVID4913_SCANNER19,CH008501055357134433460000002256100677,10/03/2025,01/03/2025,5535713443,CH008,Germanic,CH,5010,34,B,0.7378,C,,NoMatch,D441/01,B
60000002267500355,TELEVID4927_SCANNER19,DE004800155357134433160000002267500355,13/03/2025,01/03/2025,5535713443,DE004,Germanic,DE,8001,31,B,0.7439,C,,NoMatch,D441/01,B
60000002275500568,TELEVID4952_SCANNER19,DE077800555357134433460000002275500568,17/03/2025,01/03/2025,5535713443,DE077,Germanic,DE,8005,34,B,0.5949,C,,NoMatch,D441/01,B
60000002934300711,TELEVID5945_SCANNER18,ES020800691700886363260000002934300711,11/06/2025,07/06/2025,9170088636,ES020,Romance,ES,8006,32,C,0.5152,D,,NoMatch,D441/01,B
60000002934300715,TELEVID5945_SCANNER18,ES020801091700886363660000002934300715,11/06/2025,07/06/2025,9170088636,ES020,Romance,ES,8010,36,B,0.6723,C,,NoMatch,D441/01,D
60000002934300725,TELEVID5945_SCANNER18,ES020802091700886363160000002934300725,11/06/2025,07/06/2025,9170088636,ES020,Romance,ES,8020,31,C,0.608,D,,NoMatch,D441/01,D
60000002934800247,TELEVID5951_SCANNER18,ES072800291700886363560000002934800247,11/06/2025,07/06/2025,9170088636,ES072,Romance,ES,8002,35,C,0.755,D,,NoMatch,D441/01,A
60000002934800450,TELEVID5951_SCANNER18,BG001002491700886363260000002934800450,11/06/2025,07/06/2025,9170088636,BG001,Slavic,BG,24,32,B,0.5487,C,,NoMatch,D441/01,B
60000002936600637,TELEVID5969_SCANNER18,ES815050491700886363660000002936600637,11/06/2025,07/06/2025,9170088636,ES815,Romance,ES,504,36,B,0.5557,C,,NoMatch,D441/01,D
60000002944000200,TELEVID5967_SCANNER18,ES252000491700886363260000002944000200,12/06/2025,07/06/2025,9170088636,ES252,Romance,ES,4,32,B,0.7298,D,,NoMatch,D441/01,B
60000002944000202,TELEVID5967_SCANNER18,ES252000691700886364160000002944000202,12/06/2025,07/06/2025,9170088636,ES252,Romance,ES,6,41,C,0.5405,B,,NoMatch,D441/01,B
60000002952700062,televid5995_SCANNER18,GR118813091700886363660000002952700062,12/06/2025,07/06/2025,9170088636,GR118,Greek,GR,8130,36,B,0.8376,C,,NoMatch,D441/01,D
60000002958700727,TELEVID6008_SCANNER18,ES431000591700886363660000002958700727,12/06/2025,07/06/2025,9170088636,ES431,Romance,ES,5,36,B,0.5022,C,,NoMatch,D441/01,D
60000002959700407,TELEVID6000_SCANNER18,IT240801091700886363260000002959700407,12/06/2025,07/06/2025,9170088636,IT240,Romance,IT,8010,32,C,0.5615,D,,NoMatch,D441/01,B
60000002970900643,TELEVID6042_SCANNER18,ES448000991700886363260000002970900643,13/06/2025,07/06/2025,9170088636,ES448,Romance,ES,9,32,C,0.5523,D,,NoMatch,D441/01,B
60000002971100051,TELEVID6041_SCANNER18,ES434800691700886363260000002971100051,13/06/2025,07/06/2025,9170088636,ES434,Romance,ES,8006,32,B,0.7423,C,,NoMatch,D441/01,B
60000002971600738,TELEVID6025_SCANNER18,BG005003491700886363660000002971600738,13/06/2025,07/06/2025,9170088636,BG005,Slavic,BG,34,36,D,0.7719,C,,NoMatch,D441/01,D
60000002973500369,TELEVID6032_SCANNER18,ES385800491700886363660000002973500369,13/06/2025,07/06/2025,9170088636,ES385,Romance,ES,8004,36,B,0.8172,C,,NoMatch,D441/01,D
60000002973800341,TELEVID6046_SCANNER18,ES391900991700886363260000002973800341,13/06/2025,07/06/2025,9170088636,ES391,Romance,ES,9009,32,B,0.6874,C,,NoMatch,D441/01,B
60000002974000052,TELEVID6037_SCANNER18,IT282801491700886363260000002974000052,13/06/2025,07/06/2025,9170088636,IT282,Romance,IT,8014,32,B,0.8428,C,,NoMatch,D441/01,B
60000002974700270,TELEVID6054_SCANNER18,CZ01480059170088636360000002974700270,13/06/2025,07/06/2025,9170088636,CZ014,Slavic,CZ,8005,3,B,0.5484,C,,NoMatch,D441/01,D
60000002974700270,TELEVID6054_SCANNER18,CZ014800591700886363260000002974700270,13/06/2025,07/06/2025,9170088636,CZ014,Slavic,CZ,8005,32,B,0.5423,C,,NoMatch,D441/01,B
60000002976500579,TELEVID6036_SCANNER18,BG008007091700886363460000002976500579,13/06/2025,07/06/2025,9170088636,BG008,Slavic,BG,70,34,A,0.5433,B,,NoMatch,D441/01,D
60000002976500583,TELEVID6036_SCANNER18,BG008007491700886363260000002976500583,13/06/2025,07/06/2025,9170088636,BG008,Slavic,BG,74,32,B,0.7272,C,,NoMatch,D441/01,B
60000002982800169,TELEVID6050_SCANNER18,ES438002391700886363660000002982800169,14/06/2025,07/06/2025,9170088636,ES438,Romance,ES,23,36,D,0.7186,C,,NoMatch,D441/01,D
60000003011800061,TELEVID6052_SCANNER18,ES337000591700886363260000003011800061,16/06/2025,07/06/2025,9170088636,ES337,Romance,ES,5,32,C,0.6227,D,,NoMatch,D441/01,B
60000003012800002,TELEVID6072_SCANNER18,ES383803791700886363660000003012800002,16/06/2025,07/06/2025,9170088636,ES383,Romance,ES,8037,36,B,0.6084,C,,NoMatch,D441/01,D
60000003012800007,TELEVID6072_SCANNER18,ES383804291700886363660000003012800007,16/06/2025,07/06/2025,9170088636,ES383,Romance,ES,8042,36,B,0.7613,C,,NoMatch,D441/01,D
60000003012800024,TELEVID6072_SCANNER18,ES383805991700886363660000003012800024,16/06/2025,07/06/2025,9170088636,ES383,Romance,ES,8059,36,B,0.834,C,,NoMatch,D441/01,D
60000003012800324,TELEVID6072_SCANNER18,ES383801891700886363260000003012800324,16/06/2025,07/06/2025,9170088636,ES383,Romance,ES,8018,32,B,0.7675,C,,NoMatch,D441/01,B
60000003012800336,TELEVID6072_SCANNER18,ES383803091700886363260000003012800336,16/06/2025,07/06/2025,9170088636,ES383,Romance,ES,8030,32,B,0.615,C,,NoMatch,D441/01,B
60000003051000418,TELEVID6100_SCANNER19,BR249003391700886363160000003051000418,18/06/2025,07/06/2025,9170088636,BR249,Romance,BR,33,31,B,0.7474,C,,NoMatch,D441/01,D
60000003051000534,TELEVID6100_SCANNER19,BR249008491700886363260000003051000534,18/06/2025,07/06/2025,9170088636,BR249,Romance,BR,84,32,B,0.781,C,,NoMatch,D441/01,B
60000003053000358,TELEVID8044_SCANNER19,ES040802358217111923260000003053000358,18/06/2025,13/06/2025,5821711192,ES040,Romance,ES,8023,32,B,0.7384,C,,NoMatch,D441/01,A
60000003053000358,TELEVID8044_SCANNER19,ES040802358217111923660000003053000358,18/06/2025,13/06/2025,5821711192,ES040,Romance,ES,8023,36,B,0.7417,C,,NoMatch,D441/01,C
60000003054500488,TELEVID8043_SCANNER19,ES383802358217111923160000003054500488,18/06/2025,13/06/2025,5821711192,ES383,Romance,ES,8023,31,B,0.6194,C,,NoMatch,D441/01,B
60000003057400353,TELEVID8020_SCANNER19,BG015870258217111923660000003057400353,18/06/2025,13/06/2025,5821711192,BG015,Slavic,BG,8702,36,C,0.5623,D,,NoMatch,D441/01,C
60000003059800539,televid8046_SCANNER19,ES383800858217111923660000003059800539,18/06/2025,13/06/2025,5821711192,ES383,Romance,ES,8008,36,C,0.5437,D,,NoMatch,D441/01,C
60000003059800621,televid8046_SCANNER19,ES383815358217111923160000003059800621,18/06/2025,13/06/2025,5821711192,ES383,Romance,ES,8153,31,B,0.7944,C,,NoMatch,D441/01,B
60000003075300558,TELEVID8067_SCANNER19,ES685800558217111923660000003075300558,19/06/2025,13/06/2025,5821711192,ES685,Romance,ES,8005,36,D,0.7189,C,,NoMatch,D441/01,C
60000003079300227,TELEVID8094_SCANNER19,PL277000558217111923660000003079300227,19/06/2025,13/06/2025,5821711192,PL277,Slavic,PL,5,36,C,0.7383,D,,NoMatch,D441/01,C
60000003081400208,TELEVID8106_SCANNER19,ES439700158217111923160000003081400208,19/06/2025,13/06/2025,5821711192,ES439,Romance,ES,7001,31,B,0.6764,C,,NoMatch,D441/01,B
60000003081400224,TELEVID8106_SCANNER19,ES439701758217111923260000003081400224,19/06/2025,13/06/2025,5821711192,ES439,Romance,ES,7017,32,C,0.4995,D,,NoMatch,D441/01,A
60000003082200387,TELEVID8102_SCANNER19,DE008002858217111923660000003082200387,19/06/2025,13/06/2025,5821711192,DE008,Germanic,DE,28,36,C,0.8436,D,,NoMatch,D441/01,C
60000003082700322,TELEVID8101_SCANNER19,PL277001558217111923160000003082700322,19/06/2025,13/06/2025,5821711192,PL277,Slavic,PL,15,31,B,0.524,C,,NoMatch,D441/01,B
60000003082700326,TELEVID8101_SCANNER19,PL277001958217111923660000003082700326,19/06/2025,13/06/2025,5821711192,PL277,Slavic,PL,19,36,C,0.65,D,,NoMatch,D441/01,C
60000003094000867,televid8133_SCANNER19,ES421001058217111923160000003094000867,20/06/2025,13/06/2025,5821711192,ES421,Romance,ES,10,31,C,0.5571,D,,NoMatch,D441/01,B
60000003094700257,televid8132_SCANNER19,ES252020258217111923460000003094700257,20/06/2025,13/06/2025,5821711192,ES252,Romance,ES,202,34,C,0.6786,D,,NoMatch,D441/01,A
60000003113900159,TELEVID8179_SCANNER18,ES330002558217111923460000003113900159,23/06/2025,13/06/2025,5821711192,ES330,Romance,ES,25,34,A,0.7454,B,,NoMatch,D441/01,A
60000003116700514,televid8170_SCANNER19,BR020004158217111923160000003116700514,24/06/2025,13/06/2025,5821711192,BR020,Romance,BR,41,31,B,0.7507,C,,NoMatch,D441/01,B
300004029500311,TELEVID5466_SCANNER12,CH008500524086699294300004029500311,21/05/2025,10/05/2025,2408669929,CH008,Germanic,CH,5005,4,A,0.534,B,,NoMatch,D441/03,C
300004029500322,TELEVID5466_SCANNER12,CH008501624086699293300004029500322,21/05/2025,10/05/2025,2408669929,CH008,Germanic,CH,5016,3,A,0.7921,B,,NoMatch,D441/03,A
300004048600237,TELEVID5480_SCANNER12,GR118001724812759982300004048600237,22/05/2025,17/05/2025,2481275998,GR118,Greek,GR,17,2,A,0.6075,B,,NoMatch,D441/03,A
300004075000876,TELEVID5516_SCANNER13,GR118882424812759986300004075000876,23/05/2025,17/05/2025,2481275998,GR118,Greek,GR,8824,6,A,0.6658,B,,NoMatch,D441/03,C
300004128300011,TELEVID5554_SCANNER12,GR005846124812759983300004128300011,27/05/2025,17/05/2025,2481275998,GR005,Greek,GR,8461,3,A,0.6384,B,,NoMatch,D441/03,B
300004128300012,TELEVID5554_SCANNER12,GR005846224812759982300004128300012,27/05/2025,17/05/2025,2481275998,GR005,Greek,GR,8462,2,A,0.6588,B,,NoMatch,D441/03,A
300004136200566,TELEVID5555_SCANNER13,GR026806424812759985300004136200566,27/05/2025,17/05/2025,2481275998,GR026,Greek,GR,8064,5,B,0.7517,C,,NoMatch,D441/03,B
300004394900237,TELEVID5999_SCANNER13,PL006801678495672604300004394900237,12/06/2025,07/06/2025,7849567260,PL006,Slavic,PL,8016,4,A,0.8036,B,,NoMatch,D441/03,A
300004557500390,TELEVID8212_SCANNER12,ES013000152123012832300004557500390,24/06/2025,13/06/2025,5212301283,ES013,Romance,ES,1,2,A,0.6393,B,,NoMatch,D441/03,A
400004556800808,TELEVID4896_Scanner20,DE299887896431743795400004556800808,07/03/2025,01/03/2025,9643174379,DE299,Germanic,DE,8878,5,A,0.6274,B,,NoMatch,D441/03,B
400004950300874,TELEVID5478_SCANNER14,CH211800524086699292400004950300874,21/05/2025,10/05/2025,2408669929,CH211,Germanic,CH,8005,2,A,0.5385,B,,NoMatch,D441/03,C
400004966500298,TELEVID5510_SCANNER14,GR118863124812759982400004966500298,22/05/2025,17/05/2025,2481275998,GR118,Greek,GR,8631,2,A,0.6107,B,,NoMatch,D441/03,A
400005415200086,TELEVID6068_SCANNER14,ES383801178495672604400005415200086,16/06/2025,07/06/2025,7849567260,ES383,Romance,ES,8011,4,A,0.8028,B,,NoMatch,D441/03,A
60000002199301153,TELEVID4608_SCANNER19,PE04400308750665708360000002199301153,10/12/2024,05/12/2024,8750665708,PE044,Romance,PE,30,3,A,0.5874,B,,NoMatch,D441/03,C
60000002259300222,TELEVID4914_SCANNER19,CH00850099643174379560000002259300222,11/03/2025,01/03/2025,9643174379,CH008,Germanic,CH,5009,5,B,0.5214,C,,NoMatch,D441/03,B
60000002259800282,TELEVID4915_SCANNER19,CH01080039643174379260000002259800282,11/03/2025,01/03/2025,9643174379,CH010,Germanic,CH,8003,2,B,0.772,C,,NoMatch,D441/03,B
60000002934300750,TELEVID5945_SCANNER18,ES02080027849567260260000002934300750,11/06/2025,07/06/2025,7849567260,ES020,Romance,ES,8002,2,B,0.7965,C,,NoMatch,D441/03,B
60000002942300683,TELEVID5946_SCANNER18,ES44200067849567260660000002942300683,11/06/2025,07/06/2025,7849567260,ES442,Romance,ES,6,6,A,0.5449,B,,NoMatch,D441/03,A
60000002942300690,TELEVID5946_SCANNER18,ES442001378495672602160000002942300690,11/06/2025,07/06/2025,7849567260,ES442,Romance,ES,13,21,B,0.7401,C,,NoMatch,D441/03,B
60000003054500456,TELEVID8043_SCANNER19,ES38380285212301283360000003054500456,18/06/2025,13/06/2025,5212301283,ES383,Romance,ES,8028,3,A,0.4896,B,,NoMatch,D441/03,C
60000003075300596,TELEVID8067_SCANNER19,ES68580205212301283360000003075300596,19/06/2025,13/06/2025,5212301283,ES685,Romance,ES,8020,3,A,0.5643,B,,NoMatch,D441/03,C
